id,amenity,lat,lon
0,shop,10.7678166,106.6886935
1,cafe,10.7881332,106.6996603
2,restaurant,10.7869978,106.6922059
3,shop,10.7662812,106.6894332
4,cafe,10.7724172,106.7037256
5,restaurant,10.7775468,106.6987987
6,restaurant,10.755919,106.676499
7,restaurant,10.7720975,106.6859856
8,shop,10.7782504,106.7020738
9,shop,10.7711811,106.6854368
10,restaurant,10.7749562,106.6979121
11,pharmacy,10.755436,106.6766708
12,shop,10.7739354,106.6991035
13,restaurant,10.7530838,106.6585606
14,pharmacy,10.7542686,106.6841709
15,shop,10.7900629,106.6781956
16,cafe,10.7783293,106.7042766
17,shop,10.7769608,106.7053466
18,cafe,10.7749924,106.7005975
19,bar,10.7674775,106.6940604
20,bank,10.7882233,106.7028938
21,restaurant,10.7759009,106.705138
22,shop,10.7662288,106.688111
23,cafe,10.7789735,106.7023243
24,shop,10.7734272,106.7006185
25,cafe,10.7862255,106.7009028
26,restaurant,10.762326,106.6927709
27,bank,10.7677461,106.6910285
28,restaurant,10.7917958,106.6972343
29,bank,10.7841239,106.6968492
30,bar,10.7728977,106.7033292
31,cafe,10.7879681,106.7047146
32,shop,10.7618357,106.6901287
33,bank,10.7736637,106.7030744
34,bank,10.7776327,106.6912777
35,fast_food,10.7545011,106.6574136
36,shop,10.7745159,106.7040687
37,shop,10.771839,106.6970918
38,restaurant,10.7684684,106.6938884
39,restaurant,10.7559957,106.6694462
40,restaurant,10.7625131,106.6898195
41,cafe,10.777269,106.6899754
42,bar,10.7734081,106.7022712
43,atm,10.7811454,106.6990175
44,shop,10.7694149,106.6813952
45,restaurant,10.7770806,106.6997383
46,restaurant,10.767493,106.6939717
47,restaurant,10.7632075,106.6880568
48,atm,10.7705215,106.6919898
49,cafe,10.7727598,106.7017634
50,atm,10.7674225,106.6939151
51,restaurant,10.7795156,106.6929136
52,cafe,10.7567074,106.6687743
53,restaurant,10.776223,106.7048961
54,restaurant,10.7887402,106.7034522
55,shop,10.779539,106.7005093
56,restaurant,10.7692705,106.690576
57,restaurant,10.7670577,106.690767
58,restaurant,10.7675882,106.6863944
59,restaurant,10.768706,106.6942217
60,bank,10.7722862,106.7034999
61,cafe,10.7625039,106.6790421
62,shop,10.7692098,106.6917558
63,restaurant,10.7732882,106.7040253
64,cafe,10.7719303,106.6976976
65,atm,10.7777516,106.6987029
66,restaurant,10.7724078,106.6794545
67,atm,10.7665464,106.69119
68,shop,10.7660501,106.6877649
69,cafe,10.7660753,106.6910914
70,cafe,10.7846923,106.6979902
71,restaurant,10.7903868,106.6987892
72,shop,10.7850541,106.6873352
73,shop,10.7890802,106.7036992
74,bar,10.7662989,106.6913831
75,cafe,10.7744347,106.6984912
76,restaurant,10.7731871,106.6978445
77,cafe,10.7836677,106.6946963
78,bank,10.7888764,106.7034958
79,restaurant,10.7916599,106.7003624
80,shop,10.7796921,106.7007494
81,shop,10.7702786,106.6818364
82,shop,10.7863822,106.6925826
83,shop,10.7755018,106.7042649
84,restaurant,10.7513543,106.6695873
85,shop,10.7893359,106.6782189
86,restaurant,10.7806884,106.6932638
87,bank,10.7879475,106.7030645
88,shop,10.7739899,106.6973591
89,restaurant,10.774512,106.704844
90,bar,10.7905015,106.699775
91,restaurant,10.7875106,106.6917181
92,bar,10.7734607,106.7034289
93,atm,10.7728281,106.7003178
94,restaurant,10.7780733,106.7039174
95,shop,10.7882343,106.7038763
96,food_court,10.7724733,106.6987971
97,cafe,10.7854421,106.6986902
98,restaurant,10.7682101,106.6944222
99,atm,10.789406,106.6782689
100,cafe,10.7739893,106.6990368
101,cafe,10.7761333,106.7054272
102,bank,10.7866027,106.680372
103,restaurant,10.7848935,106.6992746
104,bank,10.767346,106.6900332
105,food_court,10.771602,106.6856936
106,shop,10.768461,106.68707
107,shop,10.7621024,106.6891263
108,shop,10.7731459,106.6960778
109,shop,10.7620742,106.6904162
110,atm,10.75381,106.66601
111,ice_cream,10.7915587,106.6966248
112,restaurant,10.7791849,106.7022879
113,restaurant,10.7763608,106.7050701
114,shop,10.7697839,106.6924932
115,shop,10.7811936,106.6983016
116,restaurant,10.7692421,106.6934409
117,restaurant,10.7683966,106.6932464
118,restaurant,10.7804743,106.691692
119,restaurant,10.7771854,106.7045606
120,bank,10.7768143,106.6981725
121,restaurant,10.7760297,106.7047293
122,shop,10.7690238,106.6943666
123,restaurant,10.7752622,106.7032246
124,cafe,10.7835099,106.7012037
125,shop,10.7658114,106.6907638
126,cafe,10.7890806,106.6972991
127,shop,10.756373,106.6834514
128,cafe,10.7736759,106.7036585
129,restaurant,10.7797798,106.704174
130,shop,10.7614192,106.6921024
131,restaurant,10.7746369,106.6963796
132,restaurant,10.7888308,106.6979008
133,cafe,10.7725238,106.698948
134,shop,10.7626054,106.6881091
135,restaurant,10.7852953,106.6996726
136,cafe,10.7741964,106.7042408
137,cafe,10.7770535,106.6997485
138,bank,10.7673368,106.6874588
139,restaurant,10.769371,106.6827934
140,cafe,10.7786273,106.6999908
141,cafe,10.7739206,106.6970944
142,bar,10.7646157,106.6944197
143,shop,10.7617002,106.6901393
144,shop,10.763547,106.6930808
145,cafe,10.7829754,106.6934854
146,atm,10.7676912,106.6938822
147,cafe,10.7773999,106.7003456
148,bank,10.775544,106.7049059
149,atm,10.7737508,106.7030901
150,restaurant,10.776619,106.7039069
151,atm,10.7678437,106.6948244
152,cafe,10.7899533,106.67914
153,atm,10.7811677,106.7001374
154,shop,10.7656939,106.6897877
155,restaurant,10.7920064,106.698333
156,restaurant,10.7601716,106.6805301
157,shop,10.7750496,106.7006785
158,restaurant,10.786282,106.6795605
159,restaurant,10.764493,106.6942283
160,cafe,10.7682977,106.6933782
161,shop,10.7711968,106.6897472
162,bar,10.7907995,106.6984717
163,shop,10.7704917,106.6893781
164,restaurant,10.7680805,106.6925388
165,pub,10.7652548,106.6902531
166,restaurant,10.7523968,106.6671581
167,cafe,10.7623761,106.6939935
168,pub,10.7738291,106.6969455
169,cafe,10.7743763,106.7037363
170,bar,10.7793031,106.7044624
171,cafe,10.7665192,106.6920803
172,restaurant,10.773364,106.702516
173,atm,10.7673617,106.6939746
174,restaurant,10.7667991,106.6907291
175,restaurant,10.7736329,106.6974832
176,shop,10.7661781,106.6879571
177,restaurant,10.7873281,106.6786287
178,bank,10.7895643,106.6780811
179,cafe,10.7743567,106.7006343
180,shop,10.78758,106.678054
181,restaurant,10.7607761,106.690652
182,restaurant,10.7798488,106.7028982
183,atm,10.7695592,106.6930267
184,atm,10.7677028,106.6944811
185,restaurant,10.788584,106.6998954
186,restaurant,10.7700723,106.6811389
187,fast_food,10.7815761,106.6948345
188,restaurant,10.7681728,106.687439
189,cafe,10.7866904,106.6791678
190,restaurant,10.769362,106.6902884
191,restaurant,10.7887704,106.697965
192,shop,10.7690762,106.6911424
193,marketplace,10.760328,106.6808899
194,cafe,10.7801611,106.6921275
195,restaurant,10.7673128,106.6931455
196,shop,10.7683095,106.686978
197,bank,10.7566881,106.6767325
198,cafe,10.7818799,106.6877855
199,cafe,10.7787456,106.6903529
200,fuel,10.751473,106.6632784
201,cafe,10.7901969,106.6992996
202,shop,10.7688747,106.69397
203,bar,10.7889139,106.7028443
204,atm,10.7665339,106.6911981
205,cafe,10.773504,106.703873
206,cafe,10.7550936,106.660206
207,bar,10.7783828,106.6986131
208,shop,10.7522725,106.6632503
209,atm,10.7811234,106.6925218
210,shop,10.7783074,106.7021196
211,cafe,10.7682598,106.6941237
212,fast_food,10.7737822,106.6992243
213,cafe,10.7682389,106.6935934
214,cafe,10.7864671,106.692754
215,cafe,10.7769687,106.6980029
216,restaurant,10.776982,106.7038982
217,shop,10.7552988,106.6694137
218,cafe,10.787429,106.6805995
219,restaurant,10.778168,106.7037041
220,cafe,10.7748219,106.7010571
221,bank,10.7733448,106.7030449
222,restaurant,10.7745863,106.6964796
223,shop,10.774284,106.6985056
224,shop,10.7702574,106.6821887
225,restaurant,10.7852403,106.702824
226,restaurant,10.7673132,106.6909915
227,cafe,10.7902849,106.6772244
228,shop,10.7697045,106.6881995
229,pharmacy,10.7677126,106.6852296
230,restaurant,10.7753856,106.7041456
231,cafe,10.7770275,106.7022407
232,cafe,10.7524979,106.6664342
233,restaurant,10.7677691,106.6886656
234,restaurant,10.7866761,106.6894166
235,restaurant,10.7740352,106.6970177
236,bar,10.7662855,106.6913638
237,shop,10.7852278,106.6988881
238,restaurant,10.7686414,106.69044
239,restaurant,10.7777314,106.7045057
240,cafe,10.751948,106.6622353
241,restaurant,10.7670119,106.6950321
242,restaurant,10.7732787,106.7038317
243,cafe,10.7675143,106.6947074
244,cafe,10.7738692,106.7034139
245,fast_food,10.7655072,106.6900295
246,restaurant,10.7528987,106.6583157
247,bank,10.7637006,106.6919523
248,cafe,10.7857002,106.7005878
249,restaurant,10.7622276,106.6939335
250,restaurant,10.7660019,106.6910157
251,shop,10.7623198,106.690166
252,shop,10.7668186,106.6910328
253,fast_food,10.7772651,106.7022543
254,cafe,10.7661289,106.6894454
255,cafe,10.7803537,106.6892553
256,shop,10.7703407,106.6919944
257,fast_food,10.7866731,106.6891847
258,restaurant,10.7850672,106.7004867
259,restaurant,10.7679478,106.6886435
260,restaurant,10.7634116,106.6904194
261,shop,10.7887451,106.6781501
262,restaurant,10.7691582,106.6912982
263,cafe,10.7676824,106.6948781
264,restaurant,10.769572,106.6898831
265,cafe,10.7734285,106.702821
266,atm,10.7789094,106.7041539
267,cafe,10.7728893,106.6789424
268,restaurant,10.7738501,106.6980978
269,atm,10.7751336,106.7028269
270,shop,10.7662092,106.6894838
271,cafe,10.7769684,106.70344
272,shop,10.7699236,106.6925181
273,pub,10.7726982,106.7036443
274,cafe,10.7765217,106.7049252
275,restaurant,10.7715828,106.7022705
276,restaurant,10.7853205,106.6907551
277,shop,10.7767779,106.7050958
278,cafe,10.7881076,106.6991219
279,restaurant,10.7803707,106.7035032
280,restaurant,10.7800565,106.7038072
281,cafe,10.7779247,106.6898048
282,bank,10.7629069,106.687882
283,shop,10.7886612,106.6781504
284,restaurant,10.785167,106.6952273
285,cafe,10.7872715,106.6868994
286,restaurant,10.7718561,106.6971119
287,shop,10.7873633,106.678557
288,atm,10.7722674,106.6986603
289,shop,10.7616478,106.6780733
290,atm,10.7806341,106.6941815
291,cafe,10.7547,106.6600829
292,restaurant,10.7862027,106.6933041
293,bar,10.7708403,106.6916146
294,bar,10.7917549,106.6973828
295,bar,10.7734573,106.7019417
296,restaurant,10.772251,106.7004683
297,cafe,10.7874072,106.696782
298,cafe,10.7732655,106.6990709
299,restaurant,10.7696694,106.6908274
300,shop,10.7705527,106.6879477
301,cafe,10.7788136,106.6925847
302,cafe,10.7624676,106.6885698
303,bank,10.7774761,106.6911358
304,restaurant,10.7697455,106.6916041
305,fast_food,10.7815168,106.6926088
306,pharmacy,10.7611873,106.6890561
307,cafe,10.7682783,106.6944886
308,shop,10.7776448,106.702377
309,shop,10.765303,106.6877848
310,shop,10.7545901,106.6768357
311,restaurant,10.7659475,106.6910585
312,restaurant,10.7895287,106.703993
313,bank,10.7856885,106.6982965
314,shop,10.7865134,106.6796179
315,bar,10.7692297,106.6942265
316,shop,10.7744175,106.6966499
317,cafe,10.7918948,106.6955995
318,restaurant,10.7734115,106.6979316
319,cafe,10.7796762,106.6924435
320,shop,10.7813323,106.6907933
321,restaurant,10.7682032,106.694152
322,restaurant,10.7749047,106.6980099
323,shop,10.7883125,106.695557
324,cafe,10.7634389,106.6907097
325,bank,10.7876423,106.700087
326,bar,10.7692056,106.6916884
327,restaurant,10.7793435,106.7023879
328,restaurant,10.7681861,106.6944304
329,shop,10.7766349,106.7051023
330,cafe,10.7568039,106.6713532
331,restaurant,10.76755,106.6905896
332,restaurant,10.7731525,106.7022993
333,restaurant,10.7549721,106.6839695
334,shop,10.7899338,106.6781908
335,ice_cream,10.7677951,106.6946541
336,cafe,10.7727725,106.6868547
337,pharmacy,10.7689454,106.6940456
338,restaurant,10.7737956,106.7045987
339,cafe,10.7801668,106.6898398
340,restaurant,10.7740117,106.6973898
341,atm,10.768741,106.6932934
342,bar,10.7671444,106.6906673
343,restaurant,10.752898,106.6734332
344,cafe,10.7736119,106.7000454
345,shop,10.7897916,106.6780834
346,restaurant,10.7861999,106.6945848
347,restaurant,10.7797644,106.7041842
348,atm,10.767999,106.692049
349,cafe,10.7726011,106.6789944
350,fast_food,10.7550206,106.6615963
351,cafe,10.7843883,106.687804
352,shop,10.7651264,106.6949135
353,cafe,10.7903661,106.6973349
354,shop,10.7889866,106.6783334
355,restaurant,10.7851277,106.7010816
356,bar,10.7735512,106.7022844
357,cafe,10.7732755,106.7016718
358,cafe,10.7850981,106.7000494
359,restaurant,10.7695678,106.6881981
360,shop,10.7733237,106.696254
361,fast_food,10.7734647,106.6995844
362,restaurant,10.7734967,106.6973611
363,restaurant,10.7716935,106.6856775
364,shop,10.7790292,106.6932142
365,cafe,10.7671081,106.6894089
366,cafe,10.7798626,106.6924403
367,shop,10.7683516,106.693626
368,restaurant,10.7677446,106.6855945
369,shop,10.7859171,106.679783
370,pharmacy,10.7518891,106.6545586
371,bar,10.7745161,106.7038845
372,cafe,10.7900936,106.6967422
373,cafe,10.783391,106.689237
374,restaurant,10.7807736,106.6982429
375,restaurant,10.7852193,106.6908895
376,cafe,10.7728179,106.6868299
377,shop,10.7870877,106.6980813
378,bar,10.7718973,106.7005703
379,shop,10.7751257,106.7028402
380,atm,10.7681312,106.6867702
381,cafe,10.769221,106.6902387
382,cafe,10.7558754,106.6839049
383,cafe,10.7740013,106.6860182
384,fast_food,10.7631205,106.6925919
385,bar,10.7898125,106.6993113
386,restaurant,10.7650979,106.6948465
387,bar,10.7754752,106.7048206
388,bank,10.7844866,106.6844268
389,shop,10.7886179,106.6781585
390,cafe,10.761496,106.6900868
391,bank,10.7639843,106.6897934
392,restaurant,10.7784255,106.6986185
393,restaurant,10.771379,106.6805499
394,cafe,10.7757723,106.7032334
395,shop,10.7811577,106.7008712
396,restaurant,10.7701374,106.6923417
397,restaurant,10.7794971,106.7005803
398,cafe,10.7546442,106.6602164
399,shop,10.7706331,106.6878337
400,cafe,10.7879292,106.6970183
401,restaurant,10.7623508,106.6884733
402,bank,10.7568747,106.6544835
403,cafe,10.7725032,106.7019571
404,shop,10.7521341,106.6620052
405,restaurant,10.7682523,106.6868828
406,restaurant,10.7860952,106.6807471
407,shop,10.7891857,106.678128
408,pharmacy,10.77364,106.7025755
409,restaurant,10.7759751,106.7046722
410,cafe,10.7870973,106.6911433
411,cafe,10.7681932,106.6922097
412,restaurant,10.7860878,106.6770503
413,bar,10.7662654,106.6932268
414,restaurant,10.7871298,106.6759435
415,cafe,10.7881476,106.703977
416,restaurant,10.7530001,106.6571683
417,restaurant,10.7658624,106.6909327
418,restaurant,10.7792416,106.6989688
419,atm,10.7852944,106.6930242
420,cafe,10.7688116,106.694134
421,restaurant,10.7732816,106.6976776
422,atm,10.7810946,106.6924892
423,bar,10.767289,106.6908494
424,cafe,10.7815859,106.691294
425,atm,10.7762696,106.6946386
426,atm,10.7890649,106.7000846
427,bank,10.7564847,106.669469
428,fast_food,10.7628719,106.6924217
429,shop,10.7627901,106.6905264
430,restaurant,10.789697,106.6994356
431,restaurant,10.7787296,106.690433
432,bank,10.7530196,106.6733448
433,restaurant,10.7692531,106.6890134
434,bar,10.7663106,106.6945026
435,shop,10.7868498,106.677201
436,cafe,10.7837689,106.694919
437,restaurant,10.76482,106.6949607
438,shop,10.7780263,106.7020418
439,marketplace,10.7608827,106.6796708
440,shop,10.77526,106.6999665
441,cafe,10.765935,106.689767
442,shop,10.7703727,106.6891545
443,bar,10.772583,106.7025006
444,restaurant,10.7806216,106.6901081
445,shop,10.7683708,106.6925793
446,restaurant,10.7530736,106.658239
447,shop,10.7830575,106.6942504
448,shop,10.7643937,106.6907491
449,restaurant,10.7827928,106.6893759
450,shop,10.7686502,106.6808199
451,restaurant,10.753178,106.6665604
452,shop,10.770764,106.6835611
453,ice_cream,10.7747478,106.7009703
454,restaurant,10.7833608,106.6859804
455,shop,10.7633072,106.6798803
456,bar,10.775022,106.7031275
457,restaurant,10.773464,106.703829
458,restaurant,10.7923047,106.7015974
459,atm,10.7545503,106.6632339
460,atm,10.7636326,106.6929845
461,cafe,10.7761438,106.6946963
462,cafe,10.7722561,106.7027258
463,restaurant,10.7781095,106.6907907
464,bar,10.7757138,106.7032584
465,atm,10.7903593,106.694433
466,bank,10.767295,106.694961
467,bank,10.7533916,106.6745682
468,restaurant,10.7741495,106.7042153
469,cafe,10.7740844,106.7005221
470,restaurant,10.7790115,106.7047525
471,restaurant,10.786078,106.6979738
472,cafe,10.7557422,106.6625646
473,restaurant,10.7769624,106.7044959
474,food_court,10.7751547,106.7047354
475,shop,10.7883118,106.6781893
476,shop,10.7749308,106.6962794
477,cafe,10.7727417,106.6866856
478,restaurant,10.7800866,106.6994816
479,shop,10.7774369,106.6986668
480,restaurant,10.7724432,106.6966602
481,bar,10.7666964,106.6919464
482,restaurant,10.784617,106.6942442
483,restaurant,10.7711838,106.6896281
484,atm,10.7789966,106.6857263
485,cafe,10.7772485,106.6984262
486,shop,10.7903399,106.6780582
487,atm,10.762771,106.687431
488,shop,10.7559582,106.6627251
489,shop,10.7862265,106.7013849
490,bar,10.7857732,106.6951503
491,restaurant,10.7641797,106.6873551
492,atm,10.7860186,106.6920901
493,cafe,10.76423,106.6923359
494,bank,10.7674036,106.6902127
495,bank,10.7862525,106.7017774
496,shop,10.7868966,106.6798677
497,restaurant,10.778681,106.6921566
498,restaurant,10.7682015,106.69456
499,pharmacy,10.7878839,106.6966934
500,shop,10.7636236,106.6930378
501,atm,10.7883558,106.6952636
502,shop,10.7741035,106.6971573
503,cafe,10.773341,106.703915
504,fast_food,10.7707164,106.6926468
505,restaurant,10.7738679,106.6991931
506,atm,10.781095,106.697861
507,restaurant,10.7631704,106.6904216
508,restaurant,10.7782363,106.6990416
509,bank,10.7737252,106.7034033
510,shop,10.7629736,106.6868524
511,restaurant,10.7821382,106.6919335
512,restaurant,10.7762829,106.7042247
513,restaurant,10.7687959,106.690009
514,cafe,10.767428,106.68829
515,cafe,10.7536876,106.6696595
516,cafe,10.7889799,106.677309
517,shop,10.768165,106.6802202
518,shop,10.7872147,106.6802234
519,restaurant,10.7664661,106.6919532
520,bank,10.7769065,106.7048527
521,restaurant,10.7678387,106.6880225
522,fast_food,10.7559824,106.6628075
523,shop,10.7841177,106.6982404
524,cafe,10.7720623,106.7020827
525,bank,10.7740213,106.6859996
526,restaurant,10.7568503,106.6715768
527,bar,10.774052,106.6971185
528,cafe,10.756741,106.6689795
529,restaurant,10.7621137,106.6915028
530,atm,10.7753465,106.6992443
531,restaurant,10.782195,106.6878302
532,restaurant,10.7663719,106.6917488
533,restaurant,10.7651333,106.6948075
534,shop,10.7522105,106.6627784
535,restaurant,10.766959,106.6875044
536,restaurant,10.7654481,106.6899389
537,restaurant,10.7687422,106.6941956
538,cafe,10.7675644,106.6906612
539,shop,10.7623364,106.6940303
540,restaurant,10.7776676,106.7044489
541,restaurant,10.7741459,106.6829523
542,restaurant,10.779669,106.68556
543,restaurant,10.7688175,106.6939141
544,shop,10.7510097,106.6647146
545,shop,10.7785517,106.6996214
546,shop,10.7625389,106.688383
547,restaurant,10.7739377,106.6972896
548,fast_food,10.7570454,106.6780965
549,restaurant,10.7775128,106.7003806
550,shop,10.7890379,106.7002426
551,bank,10.78549,106.6873014
552,atm,10.7612444,106.6896863
553,shop,10.7702895,106.6927854
554,shop,10.7738202,106.6988707
555,restaurant,10.7811468,106.6994239
556,shop,10.7872586,106.6791463
557,cafe,10.7859961,106.7008788
558,fast_food,10.7927545,106.6993341
559,cafe,10.7811643,106.6898451
560,shop,10.7547199,106.67922
561,bank,10.7636679,106.6892986
562,atm,10.7835354,106.6924633
563,restaurant,10.775207,106.7006022
564,restaurant,10.7635012,106.6904819
565,cafe,10.7855319,106.6996473
566,bank,10.7567537,106.6708087
567,bank,10.7751089,106.7013484
568,fast_food,10.780071,106.7039377
569,shop,10.779199,106.7003005
570,shop,10.7725534,106.6991115
571,pharmacy,10.7660864,106.6912382
572,fast_food,10.7862541,106.6920314
573,bank,10.7699806,106.6884402
574,atm,10.777396,106.702083
575,bar,10.7730654,106.6959165
576,restaurant,10.781989,106.6878379
577,fast_food,10.7565057,106.6760334
578,cafe,10.7808812,106.6901913
579,atm,10.7775575,106.7052198
580,shop,10.7725739,106.7019919
581,bank,10.7521118,106.6609376
582,shop,10.7743499,106.68606
583,atm,10.777984,106.699165
584,cafe,10.7770456,106.7001164
585,cafe,10.7781683,106.7010262
586,restaurant,10.7670725,106.6940993
587,restaurant,10.7814055,106.7011626
588,restaurant,10.7839643,106.6850717
589,bank,10.765834,106.6937071
590,shop,10.7739354,106.6981941
591,restaurant,10.7794464,106.7042294
592,restaurant,10.7870206,106.6791775
593,bank,10.767563,106.6884681
594,restaurant,10.784545,106.699468
595,cafe,10.7740746,106.7041377
596,pharmacy,10.7511734,106.6744841
597,shop,10.7699376,106.6913455
598,bar,10.7849828,106.7001935
599,restaurant,10.7646006,106.6877956
600,shop,10.7737565,106.6855366
601,shop,10.788655,106.6977442
602,atm,10.7881598,106.7029158
603,restaurant,10.7769534,106.704788
604,restaurant,10.7666611,106.6921932
605,bank,10.7637064,106.6897876
606,restaurant,10.7820898,106.6880257
607,restaurant,10.7815505,106.7007624
608,cafe,10.7839267,106.6856866
609,shop,10.7846861,106.6961037
610,restaurant,10.7764843,106.704855
611,restaurant,10.7918847,106.6999448
612,cafe,10.778667,106.6980739
613,restaurant,10.7857006,106.6904759
614,restaurant,10.7755305,106.7043576
615,bar,10.7776682,106.6976448
616,restaurant,10.785328,106.7002136
617,cafe,10.7639298,106.6903456
618,bank,10.7738985,106.6963579
619,cafe,10.7657116,106.6906389
620,restaurant,10.7637338,106.6798801
621,bank,10.7713387,106.7003463
622,cafe,10.7782301,106.7037621
623,pharmacy,10.7540947,106.6842024
624,atm,10.783925,106.698762
625,cafe,10.7747454,106.6982421
626,shop,10.7754993,106.7004283
627,cafe,10.7745417,106.7027372
628,restaurant,10.7523767,106.6670309
629,restaurant,10.7659753,106.6910786
630,fast_food,10.792697,106.6972888
631,restaurant,10.7746281,106.6982991
632,cafe,10.7542906,106.6614525
633,pharmacy,10.7676476,106.6851369
634,restaurant,10.7675874,106.6942784
635,cafe,10.7724829,106.6996017
636,restaurant,10.7685768,106.6948596
637,bank,10.7531483,106.6740268
638,restaurant,10.7741771,106.7040143
639,cafe,10.774285,106.6986867
640,restaurant,10.7618187,106.6808856
641,restaurant,10.7623938,106.6913057
642,restaurant,10.7661931,106.6913324
643,cafe,10.7617843,106.6913287
644,shop,10.7634665,106.6870897
645,atm,10.7569674,106.6620898
646,restaurant,10.7728961,106.6832363
647,restaurant,10.7718307,106.6858164
648,bank,10.7776792,106.6911579
649,shop,10.7818956,106.6921187
650,shop,10.7542634,106.6553654
651,restaurant,10.7730101,106.6968042
652,cafe,10.7653372,106.6952758
653,fast_food,10.7683548,106.6926343
654,restaurant,10.7685883,106.6942085
655,food_court,10.788334,106.6768663
656,cafe,10.788042,106.6997551
657,cafe,10.7720697,106.6860364
658,bank,10.7893479,106.7037205
659,fast_food,10.7806494,106.6984325
660,shop,10.7856289,106.6949057
661,restaurant,10.7679004,106.688726
662,restaurant,10.7659975,106.6909905
663,restaurant,10.7649331,106.6947879
664,cafe,10.7919269,106.6984474
665,restaurant,10.7732946,106.7029288
666,cafe,10.7753501,106.7040924
667,cafe,10.7712337,106.6907569
668,shop,10.7712402,106.6912462
669,cafe,10.7799587,106.6869395
670,restaurant,10.7739049,106.6981873
671,restaurant,10.7904912,106.701245
672,restaurant,10.7644905,106.6914365
673,cafe,10.7767726,106.6983083
674,restaurant,10.7865342,106.6922877
675,shop,10.7643554,106.6913421
676,shop,10.7791798,106.7002789
677,shop,10.7706112,106.6895619
678,shop,10.7728205,106.6971714
679,restaurant,10.7671859,106.6935902
680,bar,10.7668691,106.692757
681,bank,10.7695852,106.6883279
682,cafe,10.7861756,106.6868159
683,restaurant,10.7786518,106.6920846
684,shop,10.7622587,106.6938742
685,hospital,10.7519331,106.6843795
686,restaurant,10.7903516,106.6976096
687,restaurant,10.7739304,106.6973809
688,cafe,10.7666483,106.6921086
689,shop,10.7770772,106.7021732
690,shop,10.764657,106.6875678
691,shop,10.7906589,106.6780316
692,restaurant,10.771616,106.6858145
693,cafe,10.777746,106.6991246
694,restaurant,10.7851216,106.6888205
695,restaurant,10.779344,106.7035622
696,shop,10.7693075,106.6892024
697,fast_food,10.7848583,106.700098
698,restaurant,10.778708,106.6980884
699,restaurant,10.7859999,106.6993063
700,shop,10.7787817,106.7028124
701,cafe,10.7737673,106.7011077
702,cafe,10.7888602,106.6980179
703,fast_food,10.7787824,106.6996434
704,restaurant,10.7674081,106.6930818
705,fuel,10.7542001,106.6680951
706,bank,10.7843074,106.6944871
707,shop,10.7712056,106.6911132
708,cafe,10.7735654,106.6983486
709,cafe,10.7535362,106.6538979
710,restaurant,10.7807866,106.6891403
711,restaurant,10.7797911,106.7038529
712,cinema,10.7536969,106.6742043
713,cafe,10.7696251,106.6927235
714,pharmacy,10.7525752,106.6721247
715,bank,10.7532103,106.673753
716,restaurant,10.7865809,106.6976742
717,restaurant,10.784408,106.6977612
718,shop,10.7514702,106.6608557
719,shop,10.7894045,106.702524
720,restaurant,10.7744459,106.7006746
721,restaurant,10.769197,106.689399
722,restaurant,10.7753264,106.6975453
723,restaurant,10.7732977,106.7019193
724,restaurant,10.7779136,106.7019753
725,shop,10.7754787,106.7038752
726,fast_food,10.7748486,106.683388
727,shop,10.7796987,106.700693
728,shop,10.7756674,106.7033292
729,bank,10.7670525,106.6877592
730,shop,10.7787752,106.7030903
731,atm,10.7731077,106.6973821
732,cafe,10.7809198,106.689929
733,shop,10.7884676,106.6781781
734,cafe,10.7650852,106.6925908
735,restaurant,10.7684387,106.6942563
736,restaurant,10.7883681,106.6994147
737,restaurant,10.7884577,106.6975684
738,restaurant,10.7648395,106.6949177
739,restaurant,10.779395,106.7005031
740,shop,10.7709168,106.6894985
741,bar,10.7683941,106.6942806
742,cafe,10.7635051,106.6869405
743,restaurant,10.767375,106.6941425
744,cafe,10.7856401,106.7009163
745,bank,10.7894702,106.6781072
746,restaurant,10.7690243,106.6897956
747,shop,10.767144,106.6948322
748,cafe,10.7893216,106.702721
749,internet_cafe,10.763014,106.6795306
750,restaurant,10.7718553,106.6975823
751,fuel,10.752142,106.6769446
752,cafe,10.7862643,106.6954336
753,restaurant,10.7835349,106.7010172
754,restaurant,10.7569381,106.6716432
755,shop,10.7656009,106.6947703
756,fuel,10.7542739,106.6817629
757,restaurant,10.7627165,106.6904568
758,cafe,10.7744878,106.6978081
759,cafe,10.7550695,106.658544
760,restaurant,10.7666487,106.6944624
761,shop,10.7742791,106.6997921
762,food_court,10.786402,106.7002683
763,restaurant,10.7725831,106.6965385
764,shop,10.7908935,106.6779998
765,restaurant,10.7847219,106.6994425
766,shop,10.7889994,106.6781379
767,cafe,10.7700702,106.6885645
768,cafe,10.785829,106.7021587
769,restaurant,10.7657364,106.6866041
770,restaurant,10.7731074,106.7033904
771,bank,10.7550461,106.6805641
772,restaurant,10.7745395,106.6978834
773,shop,10.7852797,106.6989824
774,cafe,10.772827,106.7027679
775,shop,10.7532921,106.6747077
776,restaurant,10.7683337,106.6940202
777,shop,10.774863,106.700928
778,cafe,10.7682761,106.6936656
779,cafe,10.7553326,106.6818593
780,cafe,10.7864498,106.7003281
781,school,10.7547617,106.6749716
782,shop,10.7742568,106.6859773
783,shop,10.7731467,106.6978622
784,restaurant,10.7771167,106.6996747
785,shop,10.7702734,106.6889856
786,shop,10.7732213,106.6959362
787,cafe,10.7766797,106.6971987
788,shop,10.7654263,106.6933433
789,fast_food,10.7886556,106.6760753
790,cafe,10.7666057,106.69208
791,bar,10.7672775,106.69391
792,shop,10.7795374,106.7006121
793,restaurant,10.7891129,106.6989388
794,cafe,10.7751001,106.7029693
795,restaurant,10.7783472,106.7038891
796,cafe,10.7666766,106.6944217
797,restaurant,10.7743953,106.7040996
798,restaurant,10.7572242,106.6583557
799,shop,10.7678389,106.6937195
800,cafe,10.7797937,106.7041252
801,restaurant,10.7740621,106.6970863
802,atm,10.7835932,106.6989045
803,shop,10.7677232,106.6947328
804,restaurant,10.7788067,106.7020073
805,atm,10.778108,106.6915593
806,bar,10.7669635,106.6929808
807,shop,10.7685082,106.6930556
808,cafe,10.7850269,106.7026662
809,cafe,10.7520254,106.6581688
810,shop,10.7888019,106.696127
811,restaurant,10.7731015,106.6994604
812,cafe,10.7746804,106.7043718
813,bank,10.783538,106.694637
814,restaurant,10.7637701,106.6901925
815,cafe,10.766087,106.6895514
816,cafe,10.778591,106.6862712
817,restaurant,10.7660634,106.6880507
818,cafe,10.7636548,106.6897678
819,restaurant,10.7566907,106.6761001
820,restaurant,10.7743939,106.6953077
821,restaurant,10.7856978,106.6936699
822,shop,10.7564696,106.6781767
823,cafe,10.7725992,106.6966088
824,bank,10.7808332,106.6997177
825,bar,10.7704006,106.6902576
826,restaurant,10.767809,106.688677
827,restaurant,10.7658428,106.6946649
828,bar,10.7759488,106.7051991
829,restaurant,10.7906521,106.6983394
830,restaurant,10.7751496,106.7005091
831,bank,10.7622814,106.6913532
832,atm,10.7775974,106.6971704
833,bar,10.7672164,106.6940364
834,cafe,10.7867159,106.699816
835,cafe,10.7883637,106.699288
836,fast_food,10.7801823,106.7034301
837,cafe,10.785799,106.690388
838,bank,10.7861536,106.6965157
839,restaurant,10.7762605,106.7049669
840,cafe,10.7751982,106.7040925
841,restaurant,10.7666137,106.6922676
842,restaurant,10.7681358,106.6866835
843,restaurant,10.7754055,106.7033338
844,restaurant,10.7892923,106.7014657
845,restaurant,10.7651522,106.6952164
846,atm,10.7721809,106.6992343
847,restaurant,10.7706899,106.6812507
848,cafe,10.7900979,106.7010543
849,bar,10.7767817,106.7040443
850,cafe,10.7899698,106.6990834
851,restaurant,10.7843158,106.691878
852,shop,10.782022,106.691974
853,bank,10.754737,106.660249
854,atm,10.7690545,106.6943255
855,cafe,10.7756464,106.7005642
856,food_court,10.7628767,106.6868028
857,atm,10.7874854,106.6964088
858,cafe,10.7736729,106.7007717
859,shop,10.787936,106.6778758
860,restaurant,10.7780081,106.7038501
861,restaurant,10.786431,106.6921868
862,restaurant,10.7619455,106.6935584
863,shop,10.7775593,106.689073
864,cafe,10.7730051,106.6984535
865,restaurant,10.7896434,106.7041204
866,cafe,10.7686486,106.6934723
867,atm,10.7730834,106.6996641
868,atm,10.778627,106.7000335
869,cafe,10.7793468,106.7004214
870,pharmacy,10.7620304,106.693684
871,restaurant,10.7658354,106.6898055
872,shop,10.7864111,106.6801482
873,shop,10.7844131,106.6964872
874,restaurant,10.7780321,106.7036328
875,cafe,10.7752924,106.7028656
876,atm,10.7525959,106.6749139
877,cafe,10.7673849,106.6883933
878,cafe,10.7858351,106.6995019
879,cafe,10.7739063,106.698934
880,shop,10.7729041,106.6993696
881,pub,10.776411,106.7051036
882,restaurant,10.7799558,106.7038817
883,restaurant,10.7718157,106.697747
884,restaurant,10.77539,106.6853823
885,shop,10.7858882,106.6921753
886,shop,10.7709708,106.6916147
887,bank,10.7528384,106.668079
888,bar,10.7773123,106.7041552
889,restaurant,10.7862089,106.6868919
890,restaurant,10.7803652,106.6916709
891,shop,10.7861978,106.6802251
892,bar,10.7645134,106.6883605
893,atm,10.7776343,106.6985996
894,shop,10.7745983,106.6979684
895,pub,10.77942,106.7044244
896,restaurant,10.773666,106.7025664
897,shop,10.7860126,106.6796263
898,restaurant,10.7724373,106.6988409
899,atm,10.7672985,106.6936742
900,restaurant,10.7733669,106.7038328
901,restaurant,10.7874045,106.6975936
902,restaurant,10.7792532,106.7038786
903,shop,10.7900096,106.6780685
904,shop,10.7884769,106.6994851
905,bar,10.7715792,106.7021603
906,shop,10.7864217,106.6755113
907,restaurant,10.7807981,106.6918205
908,cafe,10.7686294,106.6934148
909,restaurant,10.784324,106.697355
910,shop,10.7729996,106.700413
911,atm,10.785494,106.7026955
912,bar,10.7732484,106.6959166
913,atm,10.7880226,106.677767
914,restaurant,10.7823951,106.6874827
915,shop,10.7851878,106.6991453
916,cafe,10.7786352,106.699858
917,restaurant,10.7859602,106.6991774
918,shop,10.770968,106.6903105
919,restaurant,10.7801263,106.7037071
920,restaurant,10.7839859,106.6922466
921,shop,10.767248,106.6862008
922,restaurant,10.7861555,106.6806545
923,shop,10.7883267,106.6974096
924,shop,10.7763601,106.702458
925,restaurant,10.7736789,106.6992615
926,shop,10.7672169,106.692785
927,restaurant,10.7773464,106.6996325
928,pub,10.7797138,106.7028996
929,cafe,10.7657623,106.6890133
930,cafe,10.783607,106.7012693
931,atm,10.7547495,106.6700511
932,shop,10.7645387,106.6944552
933,restaurant,10.7769262,106.6993038
934,bar,10.7674743,106.6940071
935,shop,10.765052,106.6848399
936,bar,10.763169,106.6877979
937,restaurant,10.7661639,106.6912985
938,restaurant,10.7907465,106.696988
939,restaurant,10.7654521,106.6883293
940,restaurant,10.7730777,106.6850342
941,restaurant,10.7807511,106.6938626
942,restaurant,10.7613958,106.6898965
943,restaurant,10.7524866,106.6697756
944,fast_food,10.7567772,106.6534012
945,shop,10.7735243,106.6854663
946,cafe,10.7788646,106.6982455
947,shop,10.7620186,106.6889886
948,restaurant,10.7844093,106.6919069
949,bank,10.7679742,106.6919843
950,shop,10.7781631,106.7015026
951,bank,10.7545297,106.6787788
952,shop,10.7775166,106.7022458
953,cafe,10.7780582,106.6908927
954,cafe,10.786125,106.7019219
955,bar,10.7760827,106.7034287
956,shop,10.7759308,106.7030285
957,shop,10.7653824,106.6901136
958,restaurant,10.7745701,106.7026895
959,shop,10.7733447,106.6960917
960,atm,10.7666361,106.6923306
961,atm,10.779102,106.7002011
962,cafe,10.7724413,106.6988757
963,cafe,10.7533169,106.6577759
964,shop,10.7742631,106.7038777
965,bank,10.7893425,106.678114
966,restaurant,10.777874,106.7037686
967,restaurant,10.7837564,106.6854439
968,pharmacy,10.7544017,106.6836324
969,cafe,10.7743456,106.7039054
970,bank,10.7524221,106.6654484
971,bank,10.7699143,106.682119
972,cafe,10.7520118,106.6582021
973,fast_food,10.7743402,106.7028337
974,cafe,10.7641995,106.6872493
975,shop,10.7875214,106.6781553
976,shop,10.7705133,106.6901824
977,restaurant,10.7622896,106.6915501
978,shop,10.7676703,106.6944129
979,cafe,10.7707042,106.6879095
980,shop,10.7672621,106.6867154
981,cafe,10.7671135,106.6893947
982,restaurant,10.7873192,106.690913
983,shop,10.7904334,106.6780545
984,bar,10.7695843,106.690136
985,cafe,10.7624394,106.6903
986,restaurant,10.7668787,106.6946896
987,restaurant,10.7865798,106.6876229
988,restaurant,10.7705906,106.691794
989,restaurant,10.7739724,106.6972813
990,bank,10.7769212,106.6993869
991,cafe,10.7527455,106.6585727
992,bank,10.7545058,106.6694442
993,cafe,10.779941,106.701006
994,fast_food,10.7663251,106.6881865
995,restaurant,10.7782608,106.6982021
996,restaurant,10.790053,106.6989515
997,atm,10.7804934,106.6890697
998,cafe,10.7642697,106.6924842
999,restaurant,10.7515701,106.6649919
1000,restaurant,10.7730705,106.7025314
1001,shop,10.7732745,106.7032703
1002,restaurant,10.7745038,106.7043696
1003,shop,10.7769943,106.7047402
1004,shop,10.753849,106.6746175
1005,shop,10.7699152,106.68837
1006,cafe,10.7523446,106.6666331
1007,shop,10.7700725,106.6915831
1008,restaurant,10.7876478,106.6965101
1009,cafe,10.7810902,106.6899256
1010,restaurant,10.7551849,106.6694082
1011,restaurant,10.7755944,106.705143
1012,restaurant,10.7796141,106.7026193
1013,restaurant,10.7656312,106.6945983
1014,restaurant,10.782228,106.6881372
1015,pharmacy,10.7902134,106.6780667
1016,bar,10.7751786,106.7028612
1017,atm,10.7790395,106.7039725
1018,restaurant,10.7660425,106.6946266
1019,shop,10.7668438,106.6941353
1020,bar,10.7772788,106.6993973
1021,shop,10.7688037,106.6938374
1022,atm,10.7788625,106.6981949
1023,cafe,10.7784708,106.6985896
1024,restaurant,10.7703143,106.6817473
1025,atm,10.7723672,106.6840112
1026,restaurant,10.7745642,106.6868565
1027,fast_food,10.7717529,106.6855586
1028,cafe,10.7721187,106.6859738
1029,restaurant,10.7796805,106.7040637
1030,bank,10.7782205,106.6996399
1031,food_court,10.7671333,106.6928665
1032,restaurant,10.7699115,106.6815759
1033,cafe,10.7651915,106.6951197
1034,shop,10.7859996,106.6873138
1035,shop,10.7737618,106.704673
1036,atm,10.792109,106.695807
1037,restaurant,10.7752612,106.7048694
1038,atm,10.7725078,106.6864826
1039,restaurant,10.7854466,106.7003797
1040,restaurant,10.7736479,106.7009196
1041,cafe,10.784355,106.6942271
1042,restaurant,10.7724623,106.6964838
1043,shop,10.7635833,106.693177
1044,shop,10.7875861,106.6993438
1045,cafe,10.7729647,106.6971172
1046,restaurant,10.7725419,106.7036929
1047,bank,10.7601927,106.6805878
1048,shop,10.7685966,106.6932985
1049,shop,10.7871987,106.6792276
1050,shop,10.7648977,106.6950026
1051,restaurant,10.7857396,106.6949916
1052,restaurant,10.7858722,106.7033475
1053,restaurant,10.7770498,106.6979588
1054,restaurant,10.7838752,106.6992161
1055,pharmacy,10.7523226,106.67228
1056,restaurant,10.7889453,106.6979385
1057,cafe,10.7567436,106.6690084
1058,shop,10.7656736,106.6947202
1059,restaurant,10.7513156,106.65915
1060,restaurant,10.7696483,106.6907927
1061,restaurant,10.7712663,106.6898911
1062,restaurant,10.7842056,106.6962451
1063,shop,10.7892531,106.6810562
1064,atm,10.7544929,106.6572663
1065,cafe,10.77908,106.7035922
1066,fast_food,10.7641045,106.6871413
1067,restaurant,10.7868756,106.6975129
1068,shop,10.7916722,106.6962466
1069,cafe,10.7686664,106.6903135
1070,shop,10.7706118,106.6903585
1071,shop,10.7751986,106.7014306
1072,shop,10.7645803,106.6943541
1073,cafe,10.7882136,106.6999164
1074,restaurant,10.7894669,106.6953972
1075,bank,10.7742949,106.6974566
1076,restaurant,10.786249,106.676706
1077,restaurant,10.7788584,106.6909072
1078,bar,10.7769526,106.7044774
1079,cafe,10.7725434,106.6971552
1080,cafe,10.7799219,106.7039841
1081,shop,10.7856862,106.6784568
1082,restaurant,10.7772881,106.7000639
1083,food_court,10.7763783,106.698736
1084,shop,10.7650032,106.6855673
1085,bank,10.7812178,106.7002013
1086,restaurant,10.7730605,106.6963254
1087,cafe,10.7724991,106.6973312
1088,restaurant,10.7867091,106.6800562
1089,bar,10.7726755,106.7023193
1090,shop,10.7648484,106.6948669
1091,cafe,10.7626491,106.6867166
1092,restaurant,10.79259,106.70189
1093,restaurant,10.7886408,106.6992852
1094,fast_food,10.779859,106.700914
1095,shop,10.7659173,106.6946598
1096,restaurant,10.770467,106.6908778
1097,restaurant,10.7745474,106.7046273
1098,shop,10.7724314,106.6972167
1099,restaurant,10.7705085,106.6848355
1100,fast_food,10.7685435,106.6931263
1101,restaurant,10.7740948,106.7042586
1102,bank,10.7673087,106.6899026
1103,atm,10.7766492,106.7034046
1104,shop,10.7726879,106.6972368
1105,restaurant,10.7777416,106.6913624
1106,pharmacy,10.7529415,106.6614661
1107,restaurant,10.7675973,106.694792
1108,cafe,10.77845,106.6959617
1109,cafe,10.7861973,106.6978576
1110,shop,10.7559528,106.6624963
1111,pharmacy,10.7875241,106.6790273
1112,restaurant,10.7721804,106.7027227
1113,bank,10.7656611,106.6935615
1114,restaurant,10.77734,106.700248
1115,cafe,10.7793653,106.6962527
1116,pub,10.7670725,106.6875884
1117,cafe,10.7851909,106.6989513
1118,shop,10.772626,106.6984007
1119,cinema,10.7561091,106.6628487
1120,bank,10.7781523,106.6995577
1121,atm,10.7665137,106.6912187
1122,restaurant,10.7751007,106.7006098
1123,restaurant,10.7670963,106.6893396
1124,shop,10.7677036,106.6861905
1125,atm,10.7792937,106.7035212
1126,shop,10.7775864,106.6987866
1127,shop,10.7557757,106.6629025
1128,restaurant,10.7842139,106.6963563
1129,shop,10.7651965,106.687737
1130,shop,10.7545559,106.6640054
1131,cafe,10.7809781,106.6980644
1132,pharmacy,10.7841529,106.6968879
1133,post_office,10.7552229,106.66941
1134,restaurant,10.7554922,106.6735592
1135,restaurant,10.7734232,106.6976926
1136,restaurant,10.7660671,106.6896212
1137,fast_food,10.780868,106.6982351
1138,restaurant,10.769995,106.6936045
1139,restaurant,10.7667621,106.6940696
1140,cafe,10.7901671,106.6962894
1141,shop,10.7730763,106.6957446
1142,bank,10.7868586,106.6793729
1143,shop,10.7522215,106.6631155
1144,restaurant,10.7851178,106.6990233
1145,restaurant,10.7655321,106.6904484
1146,cafe,10.778345,106.699128
1147,shop,10.7733877,106.702827
1148,shop,10.7807467,106.6935788
1149,restaurant,10.7688832,106.6907172
1150,restaurant,10.7659253,106.6909232
1151,atm,10.751493,106.6641539
1152,restaurant,10.7645356,106.695117
1153,shop,10.7903293,106.6990865
1154,shop,10.7871684,106.6982557
1155,shop,10.7795694,106.7024609
1156,restaurant,10.7774006,106.6884244
1157,restaurant,10.7720039,106.7032848
1158,cafe,10.783733,106.694489
1159,atm,10.7561622,106.6623983
1160,shop,10.7651327,106.6877123
1161,restaurant,10.7784909,106.6985556
1162,bar,10.765968,106.6909595
1163,restaurant,10.7859104,106.6868943
1164,shop,10.7692667,106.6933366
1165,restaurant,10.7663544,106.6888404
1166,restaurant,10.7684255,106.6940497
1167,cafe,10.7675184,106.6938961
1168,restaurant,10.7868339,106.6976992
1169,shop,10.7732994,106.6849919
1170,fast_food,10.7890002,106.7037161
1171,restaurant,10.7544659,106.6564135
1172,restaurant,10.78415,106.6975046
1173,shop,10.7738842,106.6981302
1174,restaurant,10.7682637,106.6869868
1175,restaurant,10.7653387,106.6856668
1176,restaurant,10.7660174,106.6896774
1177,bank,10.7554821,106.6810052
1178,restaurant,10.7764578,106.7049642
1179,shop,10.774866,106.700601
1180,cafe,10.7922217,106.6997901
1181,cafe,10.7823677,106.6894469
1182,cafe,10.7552304,106.6789077
1183,restaurant,10.7778906,106.7046314
1184,fast_food,10.768326,106.6925979
1185,restaurant,10.7616083,106.6919323
1186,atm,10.783397,106.6926172
1187,fast_food,10.7724185,106.6964525
1188,bar,10.7671371,106.6904856
1189,shop,10.7685228,106.6933874
1190,restaurant,10.7890424,106.6970289
1191,shop,10.7702385,106.6917206
1192,cafe,10.7782363,106.7008592
1193,restaurant,10.764041,106.6906517
1194,restaurant,10.7820043,106.6932163
1195,shop,10.7785458,106.6891498
1196,shop,10.7622763,106.6938925
1197,restaurant,10.7848233,106.696049
1198,pub,10.7793284,106.7043863
1199,shop,10.7644032,106.6941534
1200,cafe,10.7912165,106.7021558
1201,bar,10.7750294,106.7045617
1202,restaurant,10.7768577,106.7024065
1203,shop,10.7856676,106.7023728
1204,cafe,10.7639372,106.6804356
1205,shop,10.7644991,106.6906971
1206,restaurant,10.7724389,106.7037699
1207,bar,10.7726551,106.6971203
1208,shop,10.7650947,106.6949716
1209,restaurant,10.7745358,106.7045405
1210,restaurant,10.7878849,106.6962102
1211,bar,10.7774316,106.6979294
1212,cafe,10.7805631,106.6975344
1213,restaurant,10.778213,106.6907115
1214,shop,10.7727408,106.6968917
1215,fast_food,10.7668029,106.6883577
1216,fast_food,10.7676538,106.6944445
1217,cafe,10.753908,106.6664952
1218,fast_food,10.7925984,106.6987537
1219,cafe,10.7898708,106.702575
1220,restaurant,10.7787238,106.688559
1221,restaurant,10.7656371,106.6899653
1222,cafe,10.7775263,106.6898272
1223,marketplace,10.7633674,106.6776016
1224,shop,10.7735194,106.7021249
1225,restaurant,10.7900066,106.7023183
1226,shop,10.7800507,106.700759
1227,bar,10.7889976,106.7018455
1228,restaurant,10.7816408,106.6947895
1229,restaurant,10.7720393,106.6973647
1230,restaurant,10.7851485,106.678542
1231,restaurant,10.7763809,106.7050246
1232,cafe,10.784071,106.699901
1233,restaurant,10.7667125,106.6904605
1234,restaurant,10.7783476,106.6917075
1235,shop,10.7627701,106.6878402
1236,restaurant,10.7754972,106.7007063
1237,fast_food,10.7536456,106.6582631
1238,shop,10.7754678,106.7016805
1239,shop,10.7612781,106.6923036
1240,cafe,10.7911503,106.7017976
1241,restaurant,10.78353,106.688071
1242,cafe,10.7784297,106.6982091
1243,atm,10.7754289,106.704203
1244,shop,10.7648932,106.6929149
1245,fast_food,10.7775563,106.7017777
1246,restaurant,10.7685058,106.6942413
1247,bar,10.7730562,106.6959047
1248,restaurant,10.7775622,106.6975402
1249,cafe,10.7732455,106.7016973
1250,cafe,10.7853912,106.6966905
1251,shop,10.7848125,106.6991315
1252,restaurant,10.7652837,106.6947766
1253,fast_food,10.7538633,106.6664001
1254,restaurant,10.789148,106.7002985
1255,cafe,10.7783879,106.6982947
1256,bar,10.7665345,106.691927
1257,shop,10.7723341,106.6963242
1258,bar,10.7747294,106.6980846
1259,restaurant,10.7727251,106.6791334
1260,restaurant,10.7692725,106.6904171
1261,restaurant,10.7748387,106.7003476
1262,restaurant,10.7788383,106.6981831
1263,shop,10.7690914,106.6874383
1264,shop,10.774759,106.700928
1265,restaurant,10.7677865,106.6937588
1266,cafe,10.7743341,106.6990072
1267,cafe,10.7754667,106.6994608
1268,cafe,10.787423,106.700932
1269,restaurant,10.7752236,106.7033247
1270,cafe,10.7624608,106.6792052
1271,cafe,10.7776522,106.6995966
1272,atm,10.7697622,106.6882241
1273,restaurant,10.7532254,106.6726396
1274,shop,10.7780275,106.7019772
1275,restaurant,10.772706,106.6984247
1276,hospital,10.7525482,106.665751
1277,restaurant,10.7732808,106.7017957
1278,food_court,10.7693818,106.6934354
1279,shop,10.7681437,106.6920971
1280,restaurant,10.7528439,106.6714295
1281,bank,10.7869751,106.6796666
1282,cafe,10.7628048,106.6875243
1283,shop,10.7903234,106.6972863
1284,cafe,10.766888,106.69237
1285,cafe,10.777277,106.704149
1286,shop,10.7716235,106.6807503
1287,bank,10.7786702,106.6885515
1288,shop,10.7889309,106.6781391
1289,restaurant,10.7875452,106.7027718
1290,cafe,10.7922056,106.7016222
1291,restaurant,10.767438,106.6927451
1292,restaurant,10.767854,106.686372
1293,shop,10.7703578,106.6818427
1294,restaurant,10.7705632,106.6815986
1295,fast_food,10.7616574,106.6896218
1296,restaurant,10.7683986,106.6939643
1297,cafe,10.753134,106.6736236
1298,shop,10.7731189,106.7007584
1299,cafe,10.7883762,106.6999326
1300,restaurant,10.7800964,106.6899191
1301,restaurant,10.7699832,106.6867286
1302,shop,10.7777976,106.6895862
1303,restaurant,10.7661583,106.6895948
1304,cafe,10.7540152,106.6614257
1305,shop,10.7668906,106.6929873
1306,shop,10.7613866,106.6921565
1307,atm,10.7835474,106.6924667
1308,shop,10.7736195,106.6969272
1309,restaurant,10.7680337,106.6938158
1310,atm,10.7777131,106.6912344
1311,restaurant,10.7720596,106.702874
1312,bank,10.7572205,106.6734125
1313,restaurant,10.7698049,106.6867841
1314,cafe,10.7670918,106.689637
1315,cafe,10.7634481,106.6931625
1316,bank,10.7785326,106.6997502
1317,shop,10.7704283,106.6921234
1318,bar,10.7748086,106.6846026
1319,restaurant,10.7524125,106.6737282
1320,shop,10.7787519,106.7019218
1321,clinic,10.7560539,106.6597149
1322,atm,10.7632509,106.6869746
1323,restaurant,10.781172,106.6911148
1324,restaurant,10.7783736,106.6865896
1325,restaurant,10.7677912,106.6926312
1326,cafe,10.7872519,106.6787525
1327,shop,10.7743835,106.6863266
1328,restaurant,10.7557038,106.6694325
1329,bar,10.7718545,106.7021828
1330,atm,10.7868287,106.7015389
1331,restaurant,10.779601,106.7027786
1332,atm,10.7863791,106.6896758
1333,restaurant,10.7850823,106.6962802
1334,bar,10.7777473,106.6887567
1335,cafe,10.7740557,106.7041347
1336,restaurant,10.7860954,106.6974554
1337,cafe,10.767481,106.688215
1338,hospital,10.7603786,106.6798139
1339,fast_food,10.765751,106.6908606
1340,restaurant,10.7691858,106.6933369
1341,shop,10.7906982,106.6781672
1342,atm,10.7839005,106.6920935
1343,cafe,10.7787487,106.6985432
1344,restaurant,10.7782374,106.6984734
1345,cafe,10.7813354,106.6857358
1346,restaurant,10.7742806,106.6967475
1347,restaurant,10.7754764,106.6956779
1348,atm,10.78419,106.699846
1349,cafe,10.7736665,106.6977599
1350,atm,10.7529041,106.6642489
1351,restaurant,10.7669066,106.6941815
1352,shop,10.7544327,106.6615921
1353,restaurant,10.789009,106.6982345
1354,restaurant,10.783657,106.6879435
1355,restaurant,10.7652784,106.6926634
1356,restaurant,10.7903791,106.6966453
1357,fast_food,10.7528814,106.6695842
1358,restaurant,10.7633275,106.690358
1359,bar,10.7692627,106.6943087
1360,shop,10.7683888,106.6926745
1361,shop,10.7790208,106.6907302
1362,restaurant,10.7734311,106.7026178
1363,fast_food,10.7718359,106.6839931
1364,shop,10.7772873,106.702046
1365,restaurant,10.7522768,106.6635322
1366,bank,10.7674961,106.6866333
1367,shop,10.7636349,106.6912768
1368,bank,10.7868789,106.687299
1369,cafe,10.7750614,106.6974194
1370,shop,10.7866119,106.679696
1371,shop,10.784261,106.69973
1372,restaurant,10.7644192,106.6952576
1373,shop,10.767058,106.6872298
1374,atm,10.7533001,106.6636593
1375,cafe,10.7549743,106.6615915
1376,cafe,10.7649431,106.6949931
1377,restaurant,10.7878273,106.7038536
1378,shop,10.7665987,106.6920839
1379,marketplace,10.7530475,106.6629554
1380,fast_food,10.7699629,106.6821277
1381,cafe,10.779376,106.6960124
1382,fast_food,10.7520802,106.6599619
1383,restaurant,10.765998,106.6911254
1384,restaurant,10.7718032,106.7029748
1385,shop,10.7519651,106.661282
1386,restaurant,10.7882654,106.6992581
1387,pharmacy,10.7692488,106.6782573
1388,cafe,10.7789519,106.6983631
1389,shop,10.7873146,106.678682
1390,restaurant,10.766989,106.693433
1391,restaurant,10.7660499,106.693945
1392,cafe,10.7869702,106.6922405
1393,cafe,10.7622452,106.6888774
1394,pub,10.7700421,106.6934779
1395,shop,10.7656196,106.6935046
1396,cafe,10.7765828,106.696011
1397,shop,10.7671517,106.6907412
1398,cafe,10.7683777,106.6926014
1399,cafe,10.7670123,106.6941169
1400,bank,10.7651056,106.6904483
1401,atm,10.7545151,106.6696995
1402,restaurant,10.7733218,106.7021836
1403,cafe,10.7749587,106.7005062
1404,atm,10.785028,106.6934741
1405,restaurant,10.769733,106.693061
1406,restaurant,10.7882694,106.6956305
1407,fast_food,10.7751229,106.7006493
1408,shop,10.761636,106.6782034
1409,cafe,10.7538482,106.6614171
1410,restaurant,10.7849714,106.6998924
1411,shop,10.7732317,106.7033243
1412,restaurant,10.7857954,106.6789657
1413,shop,10.7781958,106.701136
1414,restaurant,10.7755232,106.702529
1415,shop,10.7647658,106.6875671
1416,restaurant,10.7873615,106.704498
1417,shop,10.7781974,106.7034507
1418,shop,10.7699632,106.6923622
1419,restaurant,10.7599404,106.6794454
1420,cafe,10.7895091,106.6956584
1421,shop,10.7817203,106.6947305
1422,shop,10.7706211,106.6793367
1423,restaurant,10.7707831,106.6862844
1424,shop,10.7700652,106.6820527
1425,shop,10.7542055,106.6645954
1426,restaurant,10.764853,106.6876056
1427,restaurant,10.7685827,106.6932667
1428,cafe,10.7873053,106.678563
1429,restaurant,10.7793255,106.6887919
1430,cafe,10.7854925,106.6987911
1431,restaurant,10.7553081,106.6736944
1432,shop,10.7867494,106.6795527
1433,cafe,10.7843043,106.6942729
1434,cafe,10.790421,106.69669
1435,cafe,10.7685519,106.6896731
1436,shop,10.7684344,106.6807243
1437,shop,10.7675893,106.6947722
1438,shop,10.7872291,106.6912744
1439,bank,10.7805288,106.6942946
1440,restaurant,10.7858018,106.7009098
1441,shop,10.7663711,106.688143
1442,shop,10.7637656,106.6903151
1443,pharmacy,10.7860428,106.6801324
1444,restaurant,10.769113,106.6781153
1445,restaurant,10.7782912,106.6908268
1446,shop,10.7877101,106.688524
1447,school,10.7566296,106.6579211
1448,shop,10.7885992,106.6781196
1449,shop,10.7704054,106.6844794
1450,restaurant,10.7806901,106.6889455
1451,fuel,10.7544518,106.6773387
1452,shop,10.756998,106.677596
1453,bank,10.7842072,106.696786
1454,bar,10.7674779,106.6939826
1455,cafe,10.7706992,106.6895953
1456,restaurant,10.7697154,106.6925751
1457,shop,10.7665893,106.6951803
1458,restaurant,10.7772353,106.7042485
1459,fast_food,10.7772663,106.7042149
1460,bank,10.7868515,106.6799232
1461,restaurant,10.7795329,106.6865534
1462,cafe,10.7892303,106.6962962
1463,atm,10.7859674,106.7025051
1464,shop,10.7705345,106.6879964
1465,restaurant,10.7835575,106.6909915
1466,shop,10.7634087,106.6931132
1467,restaurant,10.7551247,106.6727659
1468,shop,10.7857545,106.692471
1469,restaurant,10.7734747,106.7027802
1470,restaurant,10.7768249,106.703813
1471,restaurant,10.7785214,106.6986733
1472,shop,10.7700277,106.6925027
1473,cafe,10.7812901,106.6913724
1474,restaurant,10.7675628,106.6882248
1475,fast_food,10.7780355,106.7017976
1476,shop,10.7718719,106.6971253
1477,bar,10.7628447,106.6901652
1478,cafe,10.7669277,106.6941435
1479,restaurant,10.7762673,106.7052528
1480,bar,10.7657232,106.6906746
1481,restaurant,10.7731967,106.6975865
1482,cafe,10.7716734,106.6976178
1483,atm,10.7644113,106.6925428
1484,shop,10.7615152,106.6796484
1485,restaurant,10.7784211,106.6920661
1486,restaurant,10.7751819,106.7027648
1487,pharmacy,10.7643292,106.6909428
1488,bank,10.757048,106.6722793
1489,shop,10.7631654,106.6907114
1490,restaurant,10.7678297,106.6950547
1491,shop,10.7746729,106.6980711
1492,shop,10.7881706,106.7000023
1493,restaurant,10.7781923,106.7039909
1494,shop,10.77423,106.704016
1495,cafe,10.7740732,106.70411
1496,shop,10.7769038,106.7046467
1497,restaurant,10.7685456,106.6938887
1498,cafe,10.7760322,106.7033275
1499,cafe,10.7728101,106.7032534
1500,restaurant,10.7634989,106.6906117
1501,shop,10.7674283,106.6848633
1502,atm,10.7922039,106.6989346
1503,cafe,10.7842486,106.6997882
1504,cafe,10.7787503,106.6981182
1505,cafe,10.7890748,106.7004193
1506,bar,10.7848414,106.6961927
1507,cafe,10.7736017,106.7024387
1508,restaurant,10.7758733,106.7034298
1509,restaurant,10.7732989,106.7041107
1510,cafe,10.7647297,106.6906483
1511,bank,10.768079,106.6868264
1512,shop,10.7814536,106.6921613
1513,restaurant,10.766393,106.6881849
1514,restaurant,10.755777,106.6780371
1515,cafe,10.7685342,106.6899441
1516,restaurant,10.7651524,106.6914875
1517,restaurant,10.7779146,106.6896614
1518,restaurant,10.7745882,106.7045605
1519,cafe,10.7876581,106.6999764
1520,fast_food,10.7863467,106.7016034
1521,cafe,10.7887204,106.676627
1522,ice_cream,10.7660692,106.6911958
1523,shop,10.7893734,106.6967884
1524,shop,10.7736123,106.7025085
1525,restaurant,10.7680371,106.6941696
1526,atm,10.7776569,106.698619
1527,restaurant,10.7681633,106.6944511
1528,restaurant,10.7885585,106.6981074
1529,restaurant,10.7852678,106.7011105
1530,restaurant,10.7700134,106.6913019
1531,cafe,10.7776417,106.6989508
1532,shop,10.7662786,106.6893228
1533,bank,10.7720303,106.6975166
1534,shop,10.7906513,106.6996112
1535,restaurant,10.7878775,106.6772371
1536,shop,10.756289,106.6763529
1537,cafe,10.7647694,106.694968
1538,restaurant,10.7538371,106.6641951
1539,shop,10.7838557,106.6982227
1540,cafe,10.789177,106.7002172
1541,pharmacy,10.7772027,106.7040985
1542,shop,10.7666709,106.6877461
1543,restaurant,10.7746812,106.7042541
1544,cafe,10.7730326,106.7034137
1545,restaurant,10.7878678,106.6964429
1546,shop,10.7709554,106.6900191
1547,restaurant,10.7531751,106.6696534
1548,restaurant,10.7724964,106.6965364
1549,restaurant,10.7922708,106.6958688
1550,bar,10.7871091,106.6912573
1551,bar,10.789136,106.698469
1552,fast_food,10.7754512,106.69674
1553,restaurant,10.7709508,106.6860176
1554,restaurant,10.7743273,106.700606
1555,shop,10.7736896,106.6975615
1556,atm,10.7906928,106.6946425
1557,restaurant,10.7797521,106.7041192
1558,shop,10.7655607,106.6924438
1559,shop,10.7895203,106.6781405
1560,pharmacy,10.7548819,106.6677109
1561,bank,10.7531925,106.6736636
1562,restaurant,10.7819618,106.6926726
1563,shop,10.7838908,106.6988927
1564,atm,10.7684518,106.679254
1565,cafe,10.7730412,106.7025775
1566,shop,10.7654,106.6888844
1567,restaurant,10.7708322,106.6792575
1568,fast_food,10.7789193,106.7026545
1569,restaurant,10.7663169,106.6913488
1570,food_court,10.7670104,106.6872004
1571,cafe,10.7663744,106.6937208
1572,shop,10.7849873,106.6957305
1573,restaurant,10.7773229,106.6998263
1574,shop,10.7908088,106.6780112
1575,shop,10.7890455,106.7036532
1576,restaurant,10.7900228,106.7011029
1577,restaurant,10.7772883,106.6977562
1578,bank,10.7684416,106.6948566
1579,restaurant,10.7534575,106.673872
1580,restaurant,10.7667351,106.6940144
1581,shop,10.7539329,106.6615747
1582,cafe,10.7700609,106.6934601
1583,shop,10.7873084,106.6888386
1584,restaurant,10.7890658,106.7027182
1585,restaurant,10.7520124,106.659823
1586,restaurant,10.7717028,106.7004373
1587,cafe,10.768602,106.6900885
1588,restaurant,10.7732582,106.7017621
1589,restaurant,10.7838673,106.6971695
1590,restaurant,10.7622173,106.6916727
1591,restaurant,10.7525533,106.6703103
1592,fast_food,10.7770829,106.7035061
1593,atm,10.7743803,106.6954156
1594,fast_food,10.7736838,106.6975146
1595,cafe,10.7547359,106.6603957
1596,shop,10.7689694,106.6940857
1597,restaurant,10.7653259,106.6932832
1598,restaurant,10.7685706,106.6871539
1599,restaurant,10.7773654,106.6981201
